{"cameraMode":{"drawMode":0,"name":"Shaded","section":"Shading Mode"},"sceneLighting":false,"audioPlay":false,"sceneViewState":{"m_AlwaysRefresh":false,"showFog":true,"showSkybox":true,"showFlares":true,"showImageEffects":true,"showParticleSystems":true,"showVisualEffectGraphs":true,"m_FxEnabled":true},"in2DMode":false,"pivot":{"x":0.5565528869628906,"y":-1.2699966430664063,"z":-17.534568786621095},"rotation":{"x":0.023980844765901567,"y":-0.037480372935533527,"z":0.0008997100521810353,"w":0.9990093111991882},"size":122.06556701660156,"orthographic":true}